Addition test file,,
A,B,A+B
0,1.01,1.01
0.25,1.257403959,1.507403959
0.5,1.489425539,1.989425539
0.75,1.69163876,2.44163876
1,1.851470985,2.851470985
1.24,1.955783999,3.195783999
1.5,2.007494987,3.507494987
1.75,1.993985947,3.743985947
2,1.919297427,3.919297427
2.25,1.788073197,4.038073197
2.49999999,1.608472152,4.108472142
2.75,1.391660992,4.141660992
3,1.151120008,4.151120008
3.5,0.659216772,4.159216772
