Test data file,,,
Time,Sensor1,Sensor2,Sensor3
0,1.01,6.775067751,10
0.25,1.257403959,2.79798545,9
0.5,1.489425539,1.356116084,8
0.75,1.69163876,1.007658202,7
1,1.851470985,0.890947969,6
1.24,1.955783999,0.885269122,5
1.5,2.007494987,0.992654358,4
1.75,1.993985947,1.311647429,3
2,1.919297427,2.54841998,1
2.25,1.788073197,9.746588694,2
2.49999999,1.608472152,1.383891555,6
2.75,1.391660992,0.681384573,7
3,1.151120008,0.427789185,4
3.5,0.659216772,0.224587881,-1
,,,
Recorded 4/28/2014,,,
